{"cameraMode":{"drawMode":0,"name":"Shaded","section":"Shading Mode"},"sceneLighting":true,"audioPlay":false,"sceneViewState":{"showFog":true,"showMaterialUpdate":true,"showSkybox":true,"showFlares":true,"showImageEffects":true,"showParticleSystems":true},"in2DMode":false,"pivot":{"x":0.0700063705444336,"y":1.25,"z":4.901239395141602},"rotation":{"x":-0.20492485165596009,"y":0.2903009355068207,"z":-0.06381645798683167,"w":-0.932576596736908},"size":5.252486228942871,"orthographic":false}