{"cameraMode":{"drawMode":0,"name":"Shaded","section":"Shading Mode"},"sceneLighting":true,"audioPlay":false,"sceneViewState":{"showFog":true,"showMaterialUpdate":true,"showSkybox":true,"showFlares":true,"showImageEffects":true,"showParticleSystems":true},"in2DMode":false,"pivot":{"x":-1.9148190021514893,"y":-1.9889265298843384,"z":-2.6971254348754885},"rotation":{"x":-0.2997620105743408,"y":-0.24369478225708009,"z":0.07947171479463577,"w":-0.9189566373825073},"size":21.456993103027345,"orthographic":false}