{"cameraMode":{"drawMode":0,"name":"Shaded","section":"Shading Mode"},"sceneLighting":true,"audioPlay":false,"sceneViewState":{"showFog":true,"showMaterialUpdate":true,"showSkybox":true,"showFlares":true,"showImageEffects":true,"showParticleSystems":true},"in2DMode":false,"pivot":{"x":0.14000000059604646,"y":1.5499999523162842,"z":1.5700000524520875},"rotation":{"x":-0.08171655237674713,"y":0.3004138767719269,"z":-0.025845026597380639,"w":-0.9499680995941162},"size":1.881011724472046,"orthographic":false}