{"cameraMode":{"drawMode":0,"name":"Shaded","section":"Shading Mode"},"sceneLighting":false,"audioPlay":false,"sceneViewState":{"showFog":true,"showMaterialUpdate":true,"showSkybox":true,"showFlares":true,"showImageEffects":true,"showParticleSystems":true},"in2DMode":false,"pivot":{"x":0.0008748769760131836,"y":0.7225365042686462,"z":0.3262535035610199},"rotation":{"x":0.061951860785484317,"y":-0.9363207221031189,"z":0.21313107013702393,"w":0.27220419049263},"size":3.214655876159668,"orthographic":false}