{"cameraMode":{"drawMode":0,"name":"Shaded","section":"Shading Mode"},"sceneLighting":true,"audioPlay":false,"sceneViewState":{"showFog":false,"showMaterialUpdate":false,"showSkybox":false,"showFlares":false,"showImageEffects":false,"showParticleSystems":false},"in2DMode":false,"pivot":{"x":0.1375575065612793,"y":1.4031879901885987,"z":1.1776490211486817},"rotation":{"x":0.1486606001853943,"y":-0.78819340467453,"z":0.2095164656639099,"w":0.559260368347168},"size":2.672358274459839,"orthographic":false}