{"cameraMode":{"drawMode":0,"name":"Shaded","section":"Shading Mode"},"sceneLighting":true,"audioPlay":false,"sceneViewState":{"showFog":true,"showMaterialUpdate":true,"showSkybox":true,"showFlares":true,"showImageEffects":true,"showParticleSystems":true},"in2DMode":false,"pivot":{"x":2.7802696228027345,"y":1.5664939880371094,"z":9.286563873291016},"rotation":{"x":0.15394607186317445,"y":-0.23841746151447297,"z":0.038311101496219638,"w":0.9581463932991028},"size":18.650175094604493,"orthographic":false}