{"cameraMode":{"drawMode":0,"name":"Shaded","section":"Shading Mode"},"sceneLighting":true,"audioPlay":false,"sceneViewState":{"showFog":false,"showMaterialUpdate":false,"showSkybox":false,"showFlares":false,"showImageEffects":false,"showParticleSystems":false},"in2DMode":false,"pivot":{"x":14.707582473754883,"y":1.0333333015441895,"z":20.635597229003908},"rotation":{"x":0.02057672291994095,"y":-0.8458040952682495,"z":-0.03275435045361519,"w":-0.5321477055549622},"size":4.0416579246521,"orthographic":false}