{"cameraMode":{"drawMode":0,"name":"Shaded","section":"Shading Mode"},"sceneLighting":true,"audioPlay":false,"sceneViewState":{"showFog":false,"showMaterialUpdate":false,"showSkybox":false,"showFlares":false,"showImageEffects":false,"showParticleSystems":false},"in2DMode":false,"pivot":{"x":1.6149320602416993,"y":1.050424337387085,"z":19.609588623046876},"rotation":{"x":-0.05276317521929741,"y":-0.5193307995796204,"z":0.03212352842092514,"w":-0.8523739576339722},"size":3.7297534942626955,"orthographic":false}