{"cameraMode":{"drawMode":0,"name":"Shaded","section":"Shading Mode"},"sceneLighting":true,"audioPlay":false,"sceneViewState":{"showFog":false,"showMaterialUpdate":false,"showSkybox":false,"showFlares":false,"showImageEffects":false,"showParticleSystems":false},"in2DMode":false,"pivot":{"x":1.6149320602416993,"y":1.050424337387085,"z":19.609588623046876},"rotation":{"x":-0.07427982240915299,"y":-0.9197426438331604,"z":0.21225541830062867,"w":-0.32181504368782046},"size":3.7297534942626955,"orthographic":false}