{"cameraMode":{"drawMode":0,"name":"Shaded","section":"Shading Mode"},"sceneLighting":true,"audioPlay":false,"sceneViewState":{"showFog":true,"showMaterialUpdate":true,"showSkybox":true,"showFlares":true,"showImageEffects":true,"showParticleSystems":true},"in2DMode":false,"pivot":{"x":1.8600001335144044,"y":1.5209999084472657,"z":24.817501068115236},"rotation":{"x":-0.15723352134227754,"y":0.36126989126205447,"z":-0.061949893832206729,"w":-0.9170365929603577},"size":20.388065338134767,"orthographic":false}