{"cameraMode":{"drawMode":0,"name":"Shaded","section":"Shading Mode"},"sceneLighting":true,"audioPlay":false,"sceneViewState":{"showFog":false,"showMaterialUpdate":false,"showSkybox":false,"showFlares":false,"showImageEffects":false,"showParticleSystems":false},"in2DMode":false,"pivot":{"x":0.620418906211853,"y":0.7829601764678955,"z":19.599246978759767},"rotation":{"x":0.033847376704216,"y":-0.9577289819717407,"z":0.12657305598258973,"w":0.25610631704330447},"size":3.8146629333496095,"orthographic":false}