{"cameraMode":{"drawMode":0,"name":"Shaded","section":"Shading Mode"},"sceneLighting":true,"audioPlay":false,"sceneViewState":{"showFog":false,"showMaterialUpdate":false,"showSkybox":false,"showFlares":false,"showImageEffects":false,"showParticleSystems":false},"in2DMode":false,"pivot":{"x":-0.07100000977516175,"y":1.5210000276565552,"z":3.119999885559082},"rotation":{"x":-0.2029990553855896,"y":-0.5845807194709778,"z":-0.15407520532608033,"w":0.7702757120132446},"size":0.7390097975730896,"orthographic":false}