{"cameraMode":{"drawMode":0,"name":"Shaded","section":"Shading Mode"},"sceneLighting":true,"audioPlay":false,"sceneViewState":{"showFog":true,"showMaterialUpdate":true,"showSkybox":true,"showFlares":true,"showImageEffects":true,"showParticleSystems":true},"in2DMode":false,"pivot":{"x":1.8600001335144044,"y":1.5209999084472657,"z":24.817501068115236},"rotation":{"x":-0.34841981530189516,"y":0.5200455188751221,"z":-0.2447187453508377,"w":-0.7404735684394836},"size":10.025123596191407,"orthographic":false}