{"cameraMode":{"drawMode":0,"name":"Shaded","section":"Shading Mode"},"sceneLighting":true,"audioPlay":false,"sceneViewState":{"showFog":false,"showMaterialUpdate":false,"showSkybox":false,"showFlares":false,"showImageEffects":false,"showParticleSystems":false},"in2DMode":false,"pivot":{"x":1.6149320602416993,"y":1.050424337387085,"z":19.609588623046876},"rotation":{"x":0.048305217176675799,"y":-0.950208842754364,"z":0.2434503734111786,"w":0.18858110904693604},"size":4.743770122528076,"orthographic":false}