{"cameraMode":{"drawMode":0,"name":"Shaded","section":"Shading Mode"},"sceneLighting":true,"audioPlay":false,"sceneViewState":{"showFog":true,"showMaterialUpdate":true,"showSkybox":true,"showFlares":true,"showImageEffects":true,"showParticleSystems":true},"in2DMode":false,"pivot":{"x":0.0700063705444336,"y":1.0266940593719483,"z":4.90123987197876},"rotation":{"x":-0.22225233912467957,"y":0.44095584750175478,"z":-0.11369848996400833,"w":-0.8621336221694946},"size":6.303501129150391,"orthographic":false}