{"cameraMode":{"drawMode":0,"name":"Shaded","section":"Shading Mode"},"sceneLighting":true,"audioPlay":false,"sceneViewState":{"showFog":false,"showMaterialUpdate":false,"showSkybox":false,"showFlares":false,"showImageEffects":false,"showParticleSystems":false},"in2DMode":false,"pivot":{"x":-1.9748597145080567,"y":0.8688788414001465,"z":12.221312522888184},"rotation":{"x":0.1666843444108963,"y":-0.22125928103923798,"z":0.03841269016265869,"w":0.9600979089736939},"size":34.0794563293457,"orthographic":false}