{"cameraMode":{"drawMode":0,"name":"Shaded","section":"Shading Mode"},"sceneLighting":true,"audioPlay":false,"sceneViewState":{"showFog":false,"showMaterialUpdate":false,"showSkybox":false,"showFlares":false,"showImageEffects":false,"showParticleSystems":false},"in2DMode":false,"pivot":{"x":2.2597811222076418,"y":0.9990234375,"z":13.520670890808106},"rotation":{"x":0.26501038670539858,"y":-0.45053139328956606,"z":0.14203476905822755,"w":0.8406060934066773},"size":2.9331459999084474,"orthographic":false}