{"cameraMode":{"drawMode":0,"name":"Shaded","section":"Shading Mode"},"sceneLighting":true,"audioPlay":false,"sceneViewState":{"showFog":true,"showMaterialUpdate":true,"showSkybox":true,"showFlares":true,"showImageEffects":true,"showParticleSystems":true},"in2DMode":false,"pivot":{"x":1.5427231788635255,"y":1.050424337387085,"z":17.789587020874025},"rotation":{"x":0.15394607186317445,"y":-0.23841746151447297,"z":0.038311101496219638,"w":0.9581463932991028},"size":16.841455459594728,"orthographic":false}