{"cameraMode":{"drawMode":0,"name":"Shaded","section":"Shading Mode"},"sceneLighting":true,"audioPlay":false,"sceneViewState":{"showFog":true,"showMaterialUpdate":false,"showSkybox":true,"showFlares":true,"showImageEffects":true,"showParticleSystems":true},"in2DMode":false,"pivot":{"x":-0.004197895526885986,"y":0.941989541053772,"z":0.47189658880233767},"rotation":{"x":0.19896860420703889,"y":-0.4433486759662628,"z":0.1016065776348114,"w":0.868073046207428},"size":4.322504997253418,"orthographic":false}