{"cameraMode":{"drawMode":0,"name":"Shaded","section":"Shading Mode"},"sceneLighting":true,"audioPlay":false,"sceneViewState":{"showFog":false,"showMaterialUpdate":false,"showSkybox":false,"showFlares":false,"showImageEffects":false,"showParticleSystems":false},"in2DMode":false,"pivot":{"x":2.0483808517456056,"y":1.3611433506011963,"z":3.5111277103424074},"rotation":{"x":-0.1486792266368866,"y":0.4541962742805481,"z":-0.07718189060688019,"w":-0.8750282526016235},"size":20.54913330078125,"orthographic":false}