{"cameraMode":{"drawMode":0,"name":"Shaded","section":"Shading Mode"},"sceneLighting":true,"audioPlay":false,"sceneViewState":{"showFog":true,"showMaterialUpdate":true,"showSkybox":true,"showFlares":true,"showImageEffects":true,"showParticleSystems":true},"in2DMode":false,"pivot":{"x":0.0700063705444336,"y":1.0266940593719483,"z":4.90123987197876},"rotation":{"x":-0.3307177424430847,"y":-0.18217264115810395,"z":0.0652003288269043,"w":-0.9237032532691956},"size":6.303501129150391,"orthographic":false}