{"cameraMode":{"drawMode":0,"name":"Shaded","section":"Shading Mode"},"sceneLighting":false,"audioPlay":false,"sceneViewState":{"showFog":true,"showMaterialUpdate":true,"showSkybox":true,"showFlares":true,"showImageEffects":true,"showParticleSystems":true},"in2DMode":false,"pivot":{"x":1.5427231788635255,"y":1.050424337387085,"z":0.3061988949775696},"rotation":{"x":-0.008020995184779168,"y":-0.9766022562980652,"z":0.036941543221473697,"w":-0.21181614696979524},"size":3.3461196422576906,"orthographic":false}