{"cameraMode":{"drawMode":0,"name":"Shaded","section":"Shading Mode"},"sceneLighting":true,"audioPlay":false,"sceneViewState":{"showFog":false,"showMaterialUpdate":false,"showSkybox":false,"showFlares":false,"showImageEffects":false,"showParticleSystems":false},"in2DMode":false,"pivot":{"x":1.093681812286377,"y":0.5756082534790039,"z":19.714099884033204},"rotation":{"x":0.13803720474243165,"y":0.16263636946678163,"z":-0.02298560179769993,"w":0.9767143726348877},"size":2.614734411239624,"orthographic":false}