{"cameraMode":{"drawMode":0,"name":"Shaded","section":"Shading Mode"},"sceneLighting":true,"audioPlay":false,"sceneViewState":{"showFog":true,"showMaterialUpdate":true,"showSkybox":true,"showFlares":true,"showImageEffects":true,"showParticleSystems":true},"in2DMode":false,"pivot":{"x":0.0700063705444336,"y":31.139244079589845,"z":4.901239395141602},"rotation":{"x":-0.2405356764793396,"y":-0.1590295135974884,"z":0.03995838016271591,"w":-0.9567107558250427},"size":5.563708782196045,"orthographic":false}